Y,X
1.5565634,0.27093918
1.0198747,0.27453925
1.0710692,0.67643896
-1.0925027,0.80373618
1.0013916,0.19576837
-0.26872872,0.57526657
-1.5024549,0.81860162
1.7152012,0.10405021
-0.041925147,0.4044691
1.8574882,0.16174483
0.47748074,0.54490365
-0.76967441,0.97585996
2.2998884,0.5376628
1.1200483,0.40929375
1.1992972,0.91113712
-1.3632358,0.7532273
-0.67429213,0.9145941
3.0806867,0.97431901
0.70561605,0.59400861
1.7778672,0.41046144
1.3978051,0.56639497
-0.20787253,0.82049637
0.1610339,0.95028218
-0.79127304,0.67472879
-1.3537582,0.16876298
1.2158267,0.43733848
-5.7514191,0.076899064
0.13658006,0.65135814
3.1245952,0.13967857
-0.36287391,0.7042697
0.72534887,0.76269885
2.1333583,0.53996617
0.28840316,0.41778638
1.7241462,0.10333353
1.7970295,0.47236721
3.9966762,0.26952821
0.51010747,0.68706568
2.2108237,0.23365796
-0.39426235,0.75323524
-3.8597133,0.13051941
2.8669386,0.063414845
1.6488731,0.83080366
0.30330867,0.70555534
0.6019022,0.73225111
-0.24950951,0.50877488
-0.1467824,0.7441199
2.7457165,0.40687862
-0.73796114,0.86352758
-0.64482537,0.48841702
1.6378268,0.57523329
-2.3695238,0.43115895
1.3042207,0.084748142
1.9919993,0.63701939
-0.64014738,0.93079444
-0.79651847,0.85320851
7.6239379,0.12957944
-2.3504017,0.44915772
2.498564,0.49260729
1.4325488,0.37912991
2.1359625,0.44432317
-2.7626439,0.25983516
1.9394996,0.35826633
-1.6097494,0.49334988
0.030790296,0.44310407
-2.7534283,0.03067609
-1.3957944,0.35542664
0.075336367,0.76287954
1.6092796,0.30700318
-0.85519259,0.70740905
2.652956,0.28283171
0.054390944,0.68942621
-0.18625305,0.40526152
-0.73829599,0.16426371
1.2282026,0.28122408
-0.16701037,0.74998178
0.086181015,0.66667894
-1.6138577,0.00090689608
0.72839501,0.7872638
0.14047362,0.51651266
1.1118524,0.47933343
-0.51871123,0.70754271
-1.0032089,0.77357971
0.56040967,0.99537628
-0.081056018,0.9467456
1.2100908,0.96380168
0.38686914,0.22807849
0.089855283,0.57708917
0.5299138,0.57861363
2.3846713,0.087043955
2.3720503,0.075636594
-0.33917358,0.23707154
-0.52026563,0.74424335
-0.33817441,0.89570163
0.19999461,0.99529995
1.3781039,0.87799356
2.48158,0.4667988
0.50890442,0.50328508
0.65193568,0.83611644
0.52621465,0.95434803
2.3726713,0.38649799
0.45494245,0.80867836
-0.094851912,0.58472629
-0.37265971,0.76987473
-1.8798149,0.97087906
-0.52317463,0.69834869
-4.353615,0.08783518
-2.4927461,0.088461311
-3.9933954,0.30026163
5.7994193,0.22609498
-0.96157789,0.98269519
0.18920011,0.94914571
-1.2410159,0.0065286192
3.7973297,0.28596044
3.1625728,0.53871861
1.5000045,0.82584519
4.5985531,0.19335324
2.1492542,0.54393423
1.2851846,0.36334948
-0.77547647,0.52243684
3.2777847,0.4159964
0.61919321,0.64406719
3.0974749,0.17531801
0.59330018,0.44381479
-5.0322424,0.048799338
-0.81290224,0.95462661
-1.9572043,0.098402786
7.278972,0.13354884
1.9025733,0.61849665
-2.1303607,0.36991511
0.02408985,0.17882578
1.4356401,0.21876974
-0.57161347,0.93147456
0.18367651,0.9333785
-6.7196296,0.079405186
-0.27501452,0.15290599
2.1907617,0.07309957
0.41326946,0.2976278
5.0973321,0.15359106
3.2499424,0.39689724
0.40133772,0.60724234
0.91891428,0.28700027
4.083181,0.35250879
0.37188453,0.92950921
2.0048556,0.55412195
-7.4022429,0.078284455
0.17740399,0.66813535
1.7464679,0.22737522
-2.9441141,0.97459547
0.4631259,0.76523442
-0.59079936,0.065733389
2.2047539,0.10538923
-2.8196081,0.23901779
3.1619361,0.32249793
-1.3405977,0.10866813
5.0798389,0.058075471
2.2078228,0.3087968
6.1549386,0.23458374
-0.39212212,0.72873207
-0.47661347,0.99255966
1.0418129,0.60876891
2.1377167,0.30549292
-1.7864139,0.84510251
2.5463854,0.49376674
-1.5810859,0.31851981
-1.1444432,0.41463934
0.78614296,0.78505686
4.34162,0.012470179
3.1495895,0.1607756
1.8910238,0.23468405
1.9180206,0.70957083
0.050794069,0.61681788
3.17139,0.014989226
1.6660248,0.17690888
1.4490573,0.49692432
0.95114415,0.1979596
-1.2626342,0.93424721
0.14999448,0.079754015
0.17080612,0.78744028
-1.389186,0.27040096
-0.79731753,0.39362171
1.0820406,0.40614464
2.3367292,0.1424812
-0.57018408,0.75770902
-0.42398496,0.84809284
-0.24469292,0.96523169
1.9454952,0.52082857
-0.19140432,0.40419441
-1.8436347,0.92816641
1.1704614,0.42417163
0.73937535,0.52557004
1.0904519,0.70319497
0.5485443,0.85131187
-1.485359,0.12557029
-3.6560327,0.12461948
0.34692051,0.48258611
-0.846938,0.87734563
0.48846802,0.97621577
0.724226,0.7979948
2.089041,0.5381425
-1.6211618,0.88588467
-0.53745081,0.42272545
0.36228302,0.31497858
1.5027343,0.95537656
1.3958866,0.40399546
0.70937708,0.77973197
2.3174765,0.59428652
8.0172695,0.01047832
0.35283725,0.66216319
-1.7327803,0.42623338
-0.022516589,0.35036876
0.46732272,0.79098197
0.65705727,0.50670636
2.1317918,0.63573226
1.0620475,0.47896889
0.37694613,0.92678392
3.0802675,0.24676158
-3.8406469,0.055788978
-1.4801141,0.38506591
-3.9722554,0.072137413
0.14090387,0.76396381
-1.1284184,0.10261394
0.0038121662,0.7063239
-0.25571606,0.029248721
-1.1680178,0.46294682
1.3201879,0.78632397
-4.1984448,0.13517455
0.32315469,0.65409991
1.0983264,0.89078896
-0.018046413,0.73248768
1.4425223,0.29265748
0.04491893,0.93512315
3.358624,0.10352934
2.6373148,0.415585
-0.57092054,0.85714342
-0.38318847,0.8853516
2.0724919,0.10787921
2.4076988,0.87000566
1.152459,0.40106511
1.0139348,0.13867183
-1.4863805,0.95625368
1.0432648,0.3942118
1.1737323,0.63878113
2.4436025,0.39080283
1.0064525,0.32324884
-2.1749748,0.013689673
2.6348209,0.03869743
0.082935931,0.075626624
1.6177718,0.64168906
0.12709562,0.7183153
-2.1574739,0.0027717706
2.7434783,0.91749532
0.37520732,0.12636969
-0.039529482,0.73975929
2.7089762,0.066525894
0.5121072,0.25013985
0.82256233,0.26362004
1.1368615,0.38455571
0.78589151,0.82269056
-1.8001987,0.24280522
1.8786875,0.5948117
-2.3536923,0.18845994
1.1835311,0.52160838
-0.31775306,0.42423733
0.33356872,0.87193714
0.23544556,0.40772071
1.1423984,0.55151945
2.8954292,0.14514632
-2.3267198,0.91338362
3.4525613,0.11289107
3.4655572,0.25185481
-0.70491139,0.86977156
0.47369129,0.73802746
-0.22186357,0.40080355
0.64567494,0.76266274
0.086452926,0.43717311
-0.66022085,0.80577357
1.8974259,0.49033426
-1.077039,0.8632928
2.0918376,0.68287482
0.08429543,0.44266531
0.14108122,0.71758115
2.5820975,0.0034627449
0.12046916,0.061483932
-0.81729675,0.77868969
0.64029869,0.69608131
-1.9261709,0.97983324
1.017719,0.1609123
0.94022007,0.77640283
-0.68291388,0.15769227
-0.58103556,0.96121537
-2.7157208,0.2488241
5.3228439,0.17850078
4.8462094,0.23976244
0.013384901,0.81553597
2.2924676,0.24193522
1.5965139,0.45246061
0.16738907,0.23421559
2.9557314,0.94168577
-0.64566754,0.73878904
-4.6983908,0.060376881
2.0802661,0.064174358
0.39312614,0.05937536
-1.5898914,0.0066339623
0.006549897,0.63211833
-1.6271311,0.0037478704
1.0173996,0.66012396
2.8778611,0.06302737
1.5019044,0.86992996
3.5811368,0.40660839
1.7403282,0.072505974
1.6809302,0.2427912
0.51553792,0.26260538
0.78160039,0.45898206
1.7888329,0.34478044
0.8669104,0.89094408
0.28905289,0.93735449
1.4604885,0.22267864
1.1596863,0.39802817
2.506773,0.072235017
-1.5818888,0.22749148
1.3032281,0.48378541
-4.0544129,0.15292183
-1.5962663,0.43790363
0.30505867,0.78406809
-4.5721637,0.17265006
-0.18965797,0.58325372
0.85633518,0.64029202
-0.92115955,0.30957729
-0.38541253,0.37077765
-0.84210345,0.89934648
1.5860959,0.93593308
-2.7564596,0.24185214
1.1688688,0.17026664
0.16306993,0.31447147
1.5704643,0.86774048
-0.54802221,0.96628508
0.064409454,0.90140903
0.3674516,0.097400118
1.4514657,0.16692519
0.78267521,0.38449243
1.6938361,0.49407947
0.29373594,0.86421293
0.28029319,0.26526347
-0.17389541,0.9175493
-1.806943,0.98853852
3.3295186,0.31249144
-3.8337316,0.05834159
4.3485957,0.27191975
0.20050826,0.46127491
0.1630662,0.8510179
-0.0091437012,0.81040195
0.25658584,0.54620726
1.3844215,0.8815119
0.90473657,0.82810778
1.1233285,0.34141588
1.6396902,0.50685056
-0.0070416564,0.66400269
2.9141724,0.31170013
0.30420451,0.88700793
1.0776444,0.11088971
-1.0064722,0.93373989
-2.9324242,0.62433069
1.5434606,0.27185676
0.98466422,0.60392757
0.5735538,0.76820405
-6.593377,0.086112886
2.0783356,0.28719757
0.90141632,0.77141148
-1.4633552,0.93277628
0.47109251,0.66885158
1.3206854,0.41305113
0.82509203,0.17136038
-1.4068305,0.87493986
0.56716044,0.51441465
-2.2212647,0.27580432
1.11201,0.42666211
0.12340913,0.99289604
-0.20840134,0.52048737
1.5327986,0.48176727
-0.19143451,0.90506613
-0.07201241,0.44421875
0.66628418,0.44683467
0.027946946,0.71733205
0.32161705,0.36499648
-2.1693022,0.010173478
2.8670731,0.24519609
0.10071464,0.25635792
-1.2359206,0.3953101
0.37534825,0.7813252
2.3752434,0.56593865
-4.5701657,0.26540814
-0.22815682,0.72712542
0.29188795,0.68006032
-1.1301363,0.64459249
1.8752797,0.5474634
0.53444242,0.74584632
0.17880103,0.085647729
2.2157309,0.021394319
0.83732047,0.61473666
-0.45621809,0.78150634
1.7361964,0.077463878
1.0702156,0.7969637
-1.4564639,0.23121477
4.6104151,0.0055582379
7.5371768,0.062006964
-0.16950075,0.3772371
-0.53259801,0.81555145
-4.7652102,0.012233858
0.17027796,0.79932514
-1.0601797,0.91078482
1.0985818,0.34493695
-0.32053739,0.41259931
3.5628728,0.094483793
0.77447776,0.8716357
1.1253905,0.65056925
0.44262908,0.019430428
0.041255617,0.66969691
1.0776199,0.4907346
0.20754271,0.24535181
1.4823597,0.45103363
-0.81471023,0.98274748
-0.046896977,0.98915777
2.8061524,0.074442857
-2.9612571,0.23213696
-3.1463839,0.0073219568
0.84257653,0.81621099
2.2578032,0.82928132
0.64694854,0.71997657
-0.8675422,0.2408838
1.3526978,0.3455355
-1.0132832,0.71571421
1.2193011,0.43370344
0.40758966,0.45571109
-0.4541043,0.73234681
-0.9985825,0.81685068
0.62309063,0.61523541
-2.165666,0.95872315
0.59222019,0.88493126
1.5735774,0.44126755
-0.24441553,0.099679572
2.6927951,0.37572131
-0.60071093,0.7535254
1.0206564,0.097191443
-1.1107232,0.82344993
-0.35900303,0.22566868
1.0259497,0.38970322
0.63934221,0.98328251
1.3125765,0.54820538
-0.4607378,0.80063396
0.74944977,0.47939616
2.0744436,0.13664462
-0.75008625,0.62873305
-1.2370706,0.11702442
4.6634805,0.30267097
0.23241796,0.62868726
0.52538715,0.90290186
-1.2052737,0.9537328
-0.60627031,0.32339028
1.2285182,0.44946384
-7.1383861,0.031811482
0.65798785,0.2428234
-0.2343662,0.86188116
0.65967181,0.97111166
-0.17238219,0.86826157
1.2914808,0.32838216
0.53506964,0.55373629
1.2409498,0.13101843
1.1186233,0.68166632
-0.016952124,0.8591558
-1.8691829,0.54787311
0.81071727,0.72534031
4.2293117,0.31753929
3.3635154,0.33060507
-0.86248696,0.64697569
-0.60853691,0.45349657
1.14236,0.61967366
1.5165327,0.54199703
0.39019586,0.84344445
2.1562212,0.60426576
-0.045167943,0.69314264
0.34082792,0.48416138
-0.015591494,0.95397864
0.59527569,0.52410844
-1.5551119,0.83624529
0.79426133,0.42353589
2.3192549,0.30591672
1.766503,0.25834156
-2.9329245,0.21952266
-0.65354195,0.19812586
0.54442284,0.67845948
8.6236317,0.0057892816
1.9344342,0.63996921
-1.3047964,0.99100267
-0.89843619,0.95190102
3.8172841,0.27753545
-2.1655057,0.92856452
5.1419362,0.096966361
0.62363867,0.16799247
0.38270733,0.90040258
-0.89049627,0.83925036
-0.052928392,0.44799731
-0.80947917,0.95456363
2.3291235,0.25578244
-0.84174521,0.49747807
-0.5322878,0.91312193
0.57067106,0.51752732
-0.56307949,0.39444316
1.0979845,0.73645118
-0.41517336,0.63831749
2.5779838,0.65339162
0.98439847,0.91793795
-0.075468868,0.89918848
0.72005269,0.94208092
0.60255014,0.48540486
-0.42299808,0.76724032
0.78779951,0.93453225
0.78479194,0.53228677
0.56123422,0.87645849
1.2043677,0.30923094
0.3212779,0.86522691
-4.2833064,0.059959139
1.3448107,0.72187268
1.7788826,0.36166097
1.6867615,0.95619293
-0.86448994,0.27558273
-0.19885178,0.57518981
3.438,0.047217029
4.9129834,0.16112108
3.5242157,0.30357794
-2.8611689,0.31010071
-1.2865643,0.61731271
-0.043870026,0.67551197
-0.54580153,0.80056505
0.060557567,0.77162878
0.88496198,0.63623162
-0.63773006,0.67428592
-4.7775179,0.01304239
-0.26932025,0.61969687
2.1795673,0.16624702
1.4806274,0.56208814
2.3966169,0.00010368251
-1.2552799,0.81820195
1.4856303,0.84434303
0.66349681,0.3144142
1.6953335,0.53681935
2.0654959,0.4727227
0.31804596,0.99116234
2.2970108,0.73768086
0.3788952,0.46390696
0.31272486,0.96998477
1.4757254,0.1428056
0.63386683,0.72636714
1.2327832,0.49931565
0.97126702,0.62220898
1.3069153,0.64610721
2.9030993,0.8453508
0.78750898,0.77734971
2.7061127,0.26946725
0.50859044,0.20801284
-2.7268273,0.81556504
-1.9435622,0.63095616
0.72438716,0.54317136
2.2729052,0.53968339
0.33414805,0.73110055
0.6714487,0.3828014
-1.0004233,0.74381956
-0.10579468,0.48595056
3.537108,0.085877908
2.8626484,0.16076196
1.8969997,0.53612595
1.8353741,0.28074898
-0.63263583,0.93801521
-0.42459241,0.0034542459
-1.8013859,0.91465768
-1.1460499,0.81914994
1.9698312,0.79001609
0.11950917,0.77142843
6.9610472,0.143105
0.16714654,0.086621575
2.6370104,0.012903017
-0.86692937,0.62965133
0.67709118,0.62030904
0.4431723,0.13614073
0.38656957,0.89242089
1.7922093,0.1169034
2.1129636,0.87617249
0.30017285,0.25378134
-0.15232248,0.62543598
4.695979,0.067714762
-1.5288862,0.15057807
0.48504492,0.20340434
-0.93173517,0.84465518
-1.0512108,0.90246528
4.078246,0.25843977
1.1114352,0.69107419
-1.0811972,0.49979052
-0.045458404,0.051273762
-0.91820855,0.69401193
0.57512548,0.43982694
2.1159958,0.17329406
0.73313532,0.52730115
-1.6375586,0.17758116
0.89030038,0.51541486
-2.4852832,0.15878805
-1.1514899,0.91509281
1.2960325,0.097666035
-1.4484702,0.79365263
-0.68899729,0.88031544
2.0361924,0.28958491
0.38801465,0.55184961
-1.6257174,0.70999008
-1.100901,0.48053565
0.03584722,0.83139977
0.82488807,0.93936976
0.69441645,0.68193654
1.1782588,0.6559907
-2.5796926,0.1540554
-0.82679299,0.30859231
-0.1199929,0.84496167
3.5712268,0.067566647
-1.3722728,0.608714
0.80448352,0.91249201
-2.2648779,0.99249796
1.1069397,0.9042753
-0.52359493,0.082094555
1.3328032,0.67526629
-0.8124553,0.86066968
-0.097676309,0.42848129
2.1083569,0.053174502
-0.0099247551,0.52320687
-3.3161752,0.14837347
-0.63197474,0.58069941
-0.24499614,0.92430546
-1.0446127,0.7829541
1.9577979,0.91333548
-2.0762043,0.97208733
-0.15322803,0.89236801
-4.7303646,0.10025923
1.4656521,0.23477004
-0.17688752,0.84275853
0.083932362,0.87559054
1.7432779,0.58237939
1.065424,0.28326494
-0.060967189,0.81404066
3.2211173,0.26165716
-6.5503785,0.11723041
-0.11376932,0.18851821
1.710278,0.51280411
0.44205156,0.49272966
-1.262395,0.072422529
0.89797305,0.34555153
-1.1032806,0.39598595
1.079868,0.75300857
0.078376793,0.82730377
-1.0242146,0.050025153
0.83656854,0.35343419
3.85809,0.27445824
-0.93866951,0.84113628
0.41420782,0.60327942
1.4059845,0.91719727
0.17598239,0.026321007
-2.1704477,0.21053036
-0.95781306,0.27772783
1.6189874,0.15538401
0.79578253,0.80404541
-0.032908089,0.91926138
-1.5591202,0.78322665
0.26467476,0.5787187
-0.7483394,0.98325348
1.9987114,0.2335945
1.8607049,0.12504613
-0.087968483,0.63791665
1.6807543,0.45437209
0.11074266,0.94624218
-1.0204091,0.99406822
-0.067859129,0.64000497
-0.62720816,0.50355338
1.7997412,0.42207948
0.46110711,0.079835945
-0.8417657,0.16171365
0.39322195,0.65550918
2.2398158,0.64874226
-0.68686146,0.94707923
2.1713246,0.28806206
-0.19342775,0.7438846
0.73316615,0.7452331
3.281408,0.36634236
-1.9459163,0.25426562
0.070695946,0.7247956
0.15900034,0.63166009
0.96073552,0.239338
-0.85787383,0.31908789
-1.2152052,0.99915566
-1.0236543,0.81323337
0.23723098,0.50965273
0.49262414,0.94776289
-0.41890142,0.2594165
1.6640484,0.48164459
-1.8182122,0.6994292
-0.42734075,0.63261284
0.10371011,0.12634785
0.58645192,0.38695407
-0.44806169,0.96264982
-0.12596369,0.9294861
-1.2594552,0.091481322
0.52759041,0.18311083
-0.63140174,0.79564699
0.42251978,0.53814049
1.2518651,0.53084331
-2.5222849,0.20023043
0.83059585,0.79546493
-1.3897033,0.50469688
0.92088918,0.80560196
0.3558061,0.8467556
0.97400121,0.10669809
1.8252708,0.87428815
-0.41554635,0.71525322
-1.7994504,0.09462472
0.13354356,0.44743103
-0.39774122,0.37202841
0.7124062,0.81897089
-0.29233024,0.75057306
1.7223615,0.85490498
-1.8512057,0.94042754
5.288097,0.39074585
0.26659532,0.46669188
0.59073956,0.54153586
-3.8169301,0.21137609
-3.2022124,0.023939236
-0.48443173,0.69337034
0.70705704,0.50190896
1.0228235,0.24082541
-0.30259452,0.15087475
2.4298831,0.027745168
-0.23949881,0.76137508
4.4430691,0.084288165
-4.3036729,0.99309498
0.0037555114,0.66078321
1.9045576,0.40687332
-2.5665232,0.041284133
-0.7296651,0.70790684
-0.51373554,0.87612175
0.22661344,0.79060537
1.4729002,0.64685632
-1.2393153,0.74684103
-0.59913858,0.80379166
1.5246401,0.54718644
0.90494454,0.73828237
0.1212433,0.69165056
-0.050039619,0.88194835
0.51967397,0.31489761
5.3180721,0.17510632
-0.3042631,0.083473359
-0.04299274,0.72973555
-1.5263139,0.30166492
-0.10390822,0.040615656
-0.021907252,0.010783946
0.45082622,0.38440687
-1.1675102,0.086389911
1.1154779,0.40288865
1.0496702,0.47175913
3.9905147,0.10583023
3.4148742,0.29625673
-1.8485335,0.96353707
0.98737971,0.77668282
2.0899107,0.20150002
7.4577731,0.050640835
-3.3383358,0.17226913
1.4542048,0.50601483
1.3285514,0.57518215
-1.4410968,0.31224427
0.91301153,0.63539782
0.52400246,0.78974886
-0.26879024,0.95231691
1.0463885,0.53608246
0.66023675,0.89641951
0.76061544,0.92368438
2.1687237,0.98530453
0.21091651,0.25694759
0.16344387,0.91678788
1.8518401,0.58823776
0.14764819,0.69179872
-0.65985391,0.50597354
-0.64162664,0.83500816
-3.7308778,0.18541728
-1.2921376,0.92913291
-2.992825,0.19692741
0.021994688,0.83217664
-2.5173056,0.059587343
-0.69702183,0.85800432
0.27092953,0.87285258
-3.2403861,0.18209062
-0.36413095,0.61764669
0.19598739,0.59854086
1.2903106,0.45368834
-0.97600975,0.81405349
0.67088523,0.61424568
0.51998495,0.53187584
-0.099518247,0.87549104
0.73512192,0.96650028
-0.19235453,0.11766763
1.3814793,0.95035552
-0.45928117,0.76188193
1.3945498,0.75956846
-0.88959531,0.92199923
-2.4326934,0.0095043825
1.3613254,0.51834639
-0.64241436,0.764739
1.3755092,0.42121503
0.53747423,0.18487331
0.8933262,0.49000986
-0.43365058,0.89967286
-3.2097017,0.21080095
-0.011455492,0.68689556
5.5059325,0.073515261
0.77225927,0.2263677
1.3401946,0.9325419
1.6515731,0.5368755
-0.38345942,0.92362701
3.5503944,0.48075991
-6.1099592,0.12809842
-0.10825295,0.25723519
-1.2003851,0.64518657
2.4548064,0.41189702
4.1675931,0.11699743
0.54503245,0.37914382
2.2830672,0.61104461
0.23920136,0.25880532
0.12999106,0.16466198
2.2062109,0.22065488
-0.25882435,0.79659465
-1.5267993,0.94317792
1.0844706,0.45610514
0.52129969,0.63847616
-1.5361441,0.77153336
-0.76347868,0.80600796
0.63586903,0.64091286
-0.043008471,0.70649765
0.32453662,0.23947236
-1.0393467,0.96629232
1.7527396,0.96514098
2.1619261,0.52420212
1.572762,0.76602658
1.3370727,0.62993047
0.38655309,0.25575126
1.0342212,0.6080836
2.3652999,0.58600423
0.98525302,0.92694374
-0.69404183,0.27321148
-0.10330878,0.56919866
0.84226739,0.63032329
4.7946578,0.10513988
-1.2300134,0.19788456
1.2269591,0.029975475
-0.43064187,0.16327957
-0.63924785,0.15834789
-2.6768336,0.26583184
1.66648,0.98340574
1.3796016,0.67079136
-0.18101866,0.21734824
0.074435068,0.81965534
-0.23692207,0.047744344
-0.56095905,0.89024559
-1.6989657,0.28162332
3.6261198,0.29000411
2.0497322,0.31984193
0.25323225,0.12257063
1.2843209,0.12005325
-1.369452,0.87336961
1.0097535,0.78023519
0.20210882,0.21716056
1.4272136,0.41868202
-0.088273535,0.92179524
1.974284,0.45312004
0.6816532,0.87027607
1.5110649,0.50367887
-0.020621551,0.31012483
-0.25940333,0.77433255
-5.5089433,0.12754689
-0.87518512,0.21762008
1.2892729,0.29641527
-0.64255703,0.87046274
3.5352093,0.23120082
-2.6824182,0.77721597
-0.46484606,0.64113814
1.2990605,0.70222614
0.59850234,0.20264427
0.85301296,0.69060829
-0.95150456,0.00079544564
-0.78464746,0.27521819
-0.29327696,0.80101941
-1.4207104,0.062362912
-2.6288638,0.8615744
1.1210952,0.37117647
0.057911269,0.74836282
0.48227391,0.86428278
1.8031121,0.5286663
1.0848425,0.50287567
2.4224598,0.36199082
2.1989098,0.00016623409
0.36564427,0.93687437
1.3611733,0.045780477
2.2932304,0.98473619
0.70297508,0.24263562
2.7086298,0.29813581
0.79982183,0.74958118
0.69489354,0.85366164
1.7281736,0.37016123
-0.42326629,0.85158279
0.16249745,0.082737154
-0.36975649,0.29787468
-1.409023,0.082405488
0.010232693,0.23176755
-1.3771133,0.1131531
0.74681678,0.40606917
0.023453504,0.52201258
1.1694516,0.22067655
-0.73576691,0.87811317
-0.29016302,0.55441837
1.1789218,0.48096824
-1.3499433,0.89915875
-1.2934347,0.4465978
2.0115248,0.43544458
0.20325991,0.61965499
0.12206523,0.46339279
3.1717593,0.12710848
-0.86944596,0.47849028
1.6561617,0.27672759
-2.9904938,0.22201847
0.6310062,0.52412524
0.47230746,0.80241598
-1.4781626,0.69793383
-0.64713035,0.53955703
0.00085842141,0.39632199
1.9995053,0.091149443
-0.97639133,0.76200568
0.8497881,0.74174571
0.67837657,0.51966465
4.0879422,0.032711612
1.0528839,0.5317457
-0.057268075,0.24841127
-5.2706825,0.0085171303
3.7325632,0.21234405
5.0864737,0.20843377
1.0983213,0.44950755
0.71062968,0.79788009
-0.63736589,0.60036292
3.0597557,0.31767913
-5.1439127,0.089942178
3.9569249,0.23988753
-6.4124584,0.025364575
3.6985576,0.20484279
2.5821643,0.17881725
-1.1082145,0.017686149
2.733259,0.27340769
1.3512628,0.16815515
1.0162471,0.68870915
-0.41560206,0.8298226
-0.50756238,0.70379692
-1.9994354,0.80765403
1.5935507,0.56061237
2.0145128,0.54826349
0.55563568,0.5220932
1.1987333,0.41806794
0.58361104,0.78017246
-0.17167034,0.8031732
-2.2874491,0.10097551
1.4695557,0.50376973
-1.0314764,0.54083295
1.4838074,0.19757454
-2.373679,0.98957931
0.78614686,0.74392546
-0.37445925,0.75952141
0.80392649,0.60501721
0.91421169,0.50193644
0.39850388,0.9859637
0.047289982,0.46049955
0.57768109,0.25337907
0.82085066,0.025141623
-2.754529,0.095490039
-0.44442542,0.7930024
-0.48173672,0.5479252
1.637312,0.43787057
-0.019635927,0.74077197
-0.76456747,0.69829146
0.94633059,0.83674985
-2.3622182,0.27987456
-0.10783987,0.43991905
2.2918425,0.4917471
0.48118114,0.57172606
1.2088222,0.56307668
-0.47411404,0.4488834
0.47100306,0.87562478
-0.051534112,0.56808827
1.2531238,0.36489454
0.21852828,0.3184055
-5.7783906,0.14810056
-3.171917,0.31577258
1.7289058,0.5944146
1.6161599,0.1980303
-0.88520691,0.62423052
-0.33044106,0.54563995
1.525407,0.57204306
3.4440525,0.21531866
0.55790735,0.53444933
0.7378465,0.50370711
1.0791301,0.3132583
0.69801215,0.50837908
0.031136442,0.9162328
0.1526604,0.63651037
0.79122505,0.65708986
-0.64978533,0.73984472
-1.0980032,0.26454959
-1.4450623,0.64072717
-0.48134214,0.62994905
3.1467443,0.17042082
-0.048710437,0.9567269
5.5064298,0.080180502
1.7162598,0.68543602
1.6766787,0.62012735
-0.28062618,0.71735527
-5.3805848,0.023351091
0.84037542,0.71074851
-2.5612625,0.89536198
0.25239162,0.63885743
1.1244053,0.40452243
-0.30456304,0.94031707
1.0231461,0.5099084
1.0684255,0.5233462
-0.50303552,0.061683622
-2.5860198,0.1672919
-0.38505343,0.77801494
-0.21070545,0.56139645
-0.67627589,0.65431499
1.9917197,0.89350618
-0.295145,0.60766848
0.96414647,0.61335617
-0.68149542,0.91418157
-0.36967799,0.30854108
-0.1607287,0.57218869
-1.6055449,0.60882155
-1.7333657,0.93225935
-0.19490004,0.23851721
0.59278146,0.08826758
-0.93227239,0.82990114
0.3309578,0.4349194
-0.59087077,0.45523771
-1.2152819,0.77857939
1.1247827,0.093894064
0.59993636,0.25249471
0.99803695,0.98630787
1.3037133,0.34708572
2.4877997,0.10100731
2.2288874,0.43335491
0.69345574,0.31685635
-0.72941397,0.54516107
1.9342714,0.4627371
0.13417372,0.70661383
0.79562409,0.62348287
4.9663849,0.056663577
-0.47300966,0.17653926
0.77109779,0.24659479
-1.4209947,0.4310576
2.9003891,0.38007619
1.6606086,0.56241373
-1.2848274,0.94217876
1.829431,0.33299698
-0.88445595,0.035843073
-0.84595663,0.92702806
1.1292209,0.6241603
1.3690618,0.66564121
-0.78792524,0.67702632
2.7453152,0.47100507
0.92628369,0.95373638
-0.98112784,0.27735822
-0.92898927,0.93140804
1.1473518,0.20499944
-0.77897162,0.92525288
0.97893458,0.78299924
3.593379,0.053162707
-1.5080085,0.89018846
-1.1558364,0.18633406
1.8725491,0.94433095
-0.71974355,0.71222483
-2.5071703,0.26880185
-0.36966004,0.62851975
1.3417945,0.067069142
0.16823255,0.49947695
-0.79837262,0.10031553
0.92053639,0.95153531
1.0921965,0.555139
1.2894278,0.97588293
-0.038496981,0.76893463
2.8042437,0.15431957
-1.0998232,0.012786896
-0.34797839,0.34369159
1.7715969,0.47799037
2.2390881,0.15593536
-1.1935126,0.53516879
0.46304296,0.067835605
2.0332438,0.29687614
0.72166072,0.99948805
3.8504126,0.078040155
-9.509565,0.025650765
0.43410466,0.57614761
0.46412435,0.34217678
-6.6682,0.047172483
2.5130567,0.013040513
1.8618743,0.49641186
1.6497074,0.18460357
2.8134758,0.49812136
1.3521142,0.68521081
0.99571756,0.7666306
-2.0985257,0.042465178
0.29903544,0.58697107
4.4447672,0.26010033
0.075114512,0.73746251
3.8974702,0.013752828
1.6809581,0.16268084
-0.33181522,0.56263091
1.9600254,0.4452695
2.6112593,0.44458473
-1.121389,0.64165753
-0.051770484,0.23790338
0.16598763,0.3524122
6.7515642,0.14679642
1.3183055,0.55517999
5.6225386,0.21146367
-1.3697706,0.79945939
0.56873633,0.37041389
1.3325277,0.41029993
-0.33936577,0.72476424
3.1577021,0.43493654
1.4363784,0.98413452
0.20021366,0.75484435
0.27975145,0.52394581
-2.2327154,0.13823843
1.2957717,0.56694093
1.2046429,0.58714456
-11.032899,0.030064412
2.1727373,0.20133079
-0.93756375,0.36397246
0.40735566,0.50111673
0.18838394,0.56888875
0.65941749,0.784866
0.47656159,0.30977965
4.8069887,0.20731906
-0.94593564,0.98839289
0.39990486,0.91433793
1.5368413,0.57208638
-1.0657376,0.32061039
-1.4191858,0.24206924
0.20345112,0.53190074
1.1033236,0.31918494
1.9384998,0.55503554
-2.2207143,0.76618683
0.15256116,0.36947683
-0.83681332,0.66408884
-0.20989822,0.71656208
0.6047534,0.72911997
-0.44461847,0.65877878
-1.8269794,0.98856845
8.7927173,0.13429371
0.39789642,0.48087215
-0.20841904,0.94387039
2.3334491,0.10019446
0.35770858,0.42078524
1.8362861,0.78092025
-3.1619073,0.51189179
-0.97697796,0.92551417
-0.28712603,0.70208402
1.0120353,0.63250415
0.057788407,0.20757361
2.2193465,0.69248553
0.50978926,0.70812308
-1.9910025,0.80148656
0.21615949,0.64716515
0.94514482,0.80529408
-0.35565361,0.36409072
1.7386142,0.34790818
1.1133349,0.097401738
1.1633746,0.86467763
1.4077845,0.77340173
0.22928949,0.74836323
1.5400273,0.53513603
2.2674219,0.53688379
-0.80624193,0.73289509
3.1800379,0.43732021
0.26399897,0.65325843
2.0726085,0.2243853
0.99304489,0.17088335
0.42744262,0.84551304
-0.85066591,0.82853157
0.92220288,0.74147815
4.726122,0.14867847
-1.8296003,0.26352748
-0.077204955,0.31696383
0.65932181,0.44788758
0.29184045,0.31621927
2.2140247,0.10870786
-1.1733561,0.19234695
0.92481653,0.54350684
-0.62738154,0.96242543
1.6305364,0.42350914
1.173618,0.7935827
0.98364172,0.47739374
0.39916409,0.050903079
0.71985506,0.68341927
1.4115495,0.69642357
0.37773214,0.67415007
-0.065595991,0.88162689
0.59788414,0.24257685
0.29125573,0.47525258
1.3772383,0.030808809
3.2366676,0.26922381
-0.17188949,0.99520916
-1.7309703,0.77052712
0.65763844,0.88735414
0.60940677,0.37848326
4.1667711,0.08101542
1.1369383,0.42751187
2.3315418,0.42399926
-0.452378,0.607719
0.32659247,0.71262041
0.038518411,0.72192575
-0.65589598,0.68834708
-0.6319783,0.16060751
0.5606663,0.45322341
0.72624733,0.93812798
-0.13940728,0.70555862
0.036635374,0.19712788
-0.69778715,0.52256745
-1.4792315,0.81546816
-2.088898,0.37465431
-1.0965633,0.70422837
-2.0497294,0.95935381
2.513022,0.62842545
-6.8014067,0.10407308
0.63356024,0.47684443
0.16811536,0.71822693
-0.44450085,0.91616176
0.46120631,0.38961422
2.0175696,0.84989339
-0.57842167,0.029454584
0.80727592,0.12711407
1.4328985,0.78788714
-5.1071241,0.071870572
1.887841,0.59942834
0.82389664,0.69425076
0.49276365,0.98839382
1.4023744,0.46067211
1.5412392,0.48010938
-0.18115406,0.30661702
2.2149026,0.93736922
-0.038483064,0.73226924
1.4710697,0.68554462
0.80177889,0.39279433
6.7240366,0.21650435
0.97814204,0.14285916
0.43768974,0.88357811
-2.2250232,0.081898976
-0.69880595,0.12967729
2.1471579,0.33511753
-0.20973699,0.74088279
-4.4999869,0.15774468
3.8558328,0.20081693
4.6076803,0.029177401
1.0133319,0.74943755
-0.31174914,0.77179424
0.18054876,0.036024519
-2.3589323,0.94895984
0.28599834,0.61257458
-2.4592441,0.93052524
-0.25661354,0.75307814
0.39513954,0.62448103
1.2505538,0.51872203
1.1677917,0.02283486
3.0226019,0.43144484
1.4220215,0.96076096
-0.49406293,0.88096704
0.84105861,0.90310872
3.592684,0.2859257
2.2144086,0.71395872
3.8069485,0.37056401
0.044317074,0.29557879
1.4757416,0.51705864
2.6382999,0.26535924
-1.6365643,0.32251321
0.36703589,0.53559532
5.918267,0.041404063
-2.8292807,0.33383674
1.0811461,0.84133472
-0.24227037,0.91343796
1.311579,0.55483834
2.6119888,0.51741965
3.9855218,0.18516267
2.027768,0.13629077
-1.2100531,0.63198004
-1.6403094,0.8045821
3.3412529,0.25628479
1.3236834,0.67400645
0.35520479,0.81487404
-3.2019739,0.44588699
2.008922,0.27625225
3.0844432,0.0042845004
1.2509323,0.89405842
-0.87861244,0.82660563
-0.47094033,0.97368486
2.5153072,0.022888571
-1.7998702,0.83513915
1.6333349,0.23093893
0.91408398,0.86289656
-2.8151215,0.13452776
3.1028841,0.053997628
2.413316,0.63846515
2.9963054,0.44146622
-0.21185764,0.79002704
2.1494762,0.993756
1.8759465,0.94343921
2.1305259,0.38487872
-1.0290248,0.48541174
1.3259851,0.20662531
5.2152085,0.23756857
-3.0549047,0.066361426
0.77722598,0.48853106
0.2139937,0.39376147
-2.3738483,0.046890701
0.77635465,0.9800409
-0.10815552,0.80884569
1.2209331,0.10625399
-2.4091354,0.66337704
-1.2856518,0.89554494
-2.6668594,0.17600446
2.9283589,0.060372614
1.7426306,0.96188858
0.10730348,0.82217498
-5.2529251,0.042835064
-0.28917542,0.27019667
1.6753755,0.34310802
1.452529,0.11077373
-0.38108008,0.87837384
2.5044251,0.45075229
0.10690514,0.69307342
-1.3462187,0.27141318
3.5957292,0.26655962
0.31625442,0.39478245
0.0067891342,0.49993848
1.9969369,0.33502791
1.8278676,0.57621666
-0.35984221,0.27627478
-0.063165111,0.51858434
-0.14652158,0.83711869
3.274302,0.21795158
-1.2060203,0.083872208
0.36640794,0.62370797
-1.325288,0.75165138
-0.72811992,0.7535894
0.44784204,0.63729142
0.43932585,0.74201212
-1.0163124,0.95327624
0.98862881,0.37377369
-0.39773996,0.88987415
0.59193802,0.0041217764
-0.25556637,0.035992414
1.2572742,0.50935566
-0.28043987,0.47039622
1.7463771,0.5068523
-0.42485997,0.56638282
1.2723202,0.59219743
1.1343093,0.66725948
3.1252554,0.32645401
7.6643407,0.099544311
0.89903823,0.2310143
2.8692339,0.30819149
-0.7294941,0.67345837
0.52059094,0.5358382
1.9095776,0.31788108
0.14950471,0.23857803
-0.33517994,0.32975078
1.6560262,0.64658602
2.1792783,0.83102754
0.57145904,0.35155346
1.7855,0.75849483
0.66917845,0.84683565
1.1414622,0.34954785
0.15416084,0.37297385
-0.24607482,0.52753326
0.4592827,0.54332276
1.5611737,0.54564913
0.44954985,0.85439792
-1.6656442,0.93689034
0.35921299,0.6357525
2.4056317,0.17006404
4.527032,0.077200856
-1.1700762,0.99100089
2.2529057,0.99952663
1.8070652,0.29625244
2.8701226,0.82094584
0.15353871,0.10629086
4.8308102,0.028040794
-0.94176183,0.83901711
1.5341823,0.19913847
0.88342072,0.19473443
1.8681235,0.56267727
0.34647267,0.61315858
-1.2190154,0.01548897
1.1625174,0.014012738
-0.21688191,0.7886179
-0.31272598,0.44779388
1.6946929,0.34380721
-0.94674613,0.92489911
-0.63198609,0.92460245
0.29609542,0.12196455
1.0931377,0.28465551
1.8046754,0.44649588
-0.40906399,0.78475715
3.5252763,0.13715857
-2.2548649,0.10188433
1.2514091,0.24994777
1.609253,0.54061871
0.068840981,0.59237137
-0.42377708,0.19217569
0.67881264,0.48125683
1.1762291,0.26147846
1.4318669,0.67733098
0.26507452,0.59071947
0.40841422,0.55382396
2.0444842,0.061171994
0.21528988,0.54951216
-1.4335019,0.96614744
0.41303641,0.80134194
0.99561664,0.92943895
1.1730274,0.61056462
-1.6831081,0.30785022
0.77470944,0.63166509
-0.24810459,0.57597826
-1.2417178,0.44778031
-1.6161165,0.75880196
-0.58457054,0.072280458
0.68180201,0.86532357
-0.23280818,0.95622479
1.6346557,0.29701784
0.8466006,0.84800555
-1.0663132,0.67066411
-2.0761824,0.40715759
0.057762477,0.21876941
-0.52153465,0.38153767
-1.0841903,0.22473573
-1.2437604,0.47836674
1.2816086,0.62668276
0.11446032,0.3574798
2.1915817,0.29590741
0.25980778,0.51204226
2.883142,0.37584446
-0.47556724,0.74046802
-0.11643616,0.76758792
0.34522478,0.51581379
0.61348298,0.18104033
0.04462683,0.38802554
1.5187965,0.44907793
0.13433692,0.67257722
1.3685548,0.838252
-1.4196217,0.64876824
0.3227228,0.19599233
1.6109227,0.37473545
-0.86408137,0.76353635
-0.26481074,0.58658682
-0.22217666,0.66837795
1.9029084,0.048478134
-1.285442,0.30241269
-0.52621169,0.72143048
-0.63687185,0.30465151
3.4266485,0.28372555
-0.53374535,0.51288277
-0.76380346,0.42731716
2.7981807,0.33948292
3.3335445,0.035361523
0.40345534,0.37520863
-0.54168637,0.37819541
0.59404654,0.94374892
0.49428848,0.91138036
1.6660976,0.63157324
-0.43327896,0.68228268
-0.22255496,0.81468201
-0.11807993,0.81357292
1.2592242,0.70874896
0.24774674,0.59550536
0.72900607,0.79433965
0.91244552,0.44637671
1.5258313,0.4268988
0.10817341,0.95466521
-0.88003684,0.34451884
2.4155412,0.459515
1.8076285,0.4476355
0.27050596,0.72095746
-0.39949516,0.95624097
0.13149766,0.24005012
1.4944781,0.66446346
4.6101306,0.27446544
0.25170294,0.82193201
0.90097542,0.61947568
-2.4311057,0.98872838
1.823145,0.35025675
2.3119586,0.34842299
0.022785933,0.011472942
0.27595766,0.23419986
0.87288059,0.75670603
-0.55127493,0.33889579
-0.60606391,0.74595624
-3.7926508,0.053411652
1.3297613,0.26666928
-1.6756096,0.92189927
0.58577305,0.61503245
-1.0569613,0.12888487
-0.52927403,0.32213473
-1.1211744,0.55556069
-0.48844261,0.8964995
1.0399123,0.072358905
1.0624791,0.44297529
0.66585981,0.68511746
1.3995033,0.370509
-0.21193585,0.73515522
2.0408444,0.48042754
0.86308466,0.88189415
1.9039085,0.095017886
-0.19403361,0.88279892
-6.0874166,0.10592229
0.16719411,0.54184991
1.6762771,0.95565414
1.8225899,0.43702314
5.9743611,0.17589176
-0.26115868,0.4718211
1.000833,0.25562158
0.61508631,0.73828127
-1.0168362,0.86317821
1.6065446,0.94158431
-0.30823028,0.86126871
1.5812002,0.53189196
2.2418801,0.69566921
6.2704553,0.029864636
1.2193473,0.66894663
0.25890671,0.63094195
-1.5144794,0.89278449
1.7095606,0.34241431
2.3097655,0.40878102
0.37824017,0.45907175
-0.46943689,0.64043928
0.33359468,0.43028661
3.9924332,0.050983127
1.101698,0.92626903
-4.4766797,0.19510927
-0.11263497,0.48643012
0.50595647,0.33032493
0.54873064,0.34079495
-1.2356658,0.95762209
1.1425394,0.14872827
7.443738,0.15440325
0.021605869,0.31036823
2.7686293,0.90730043
-0.8939007,0.48760918
-1.6150505,0.911318
-0.95279586,0.835732
0.10040424,0.037081612
-0.33992062,0.50635088
-0.023329039,0.94238946
1.2798142,0.049728568
2.0939672,0.6802388
-1.7962464,0.73220676
-0.55127466,0.69553961
1.3433457,0.30500691
-0.27405412,0.86932878
-0.24789708,0.72647638
0.11011266,0.32496257
0.83578179,0.56348801
7.6375389,0.11799123
0.9916368,0.59164658
1.451977,0.75270906
-2.5965044,0.29071298
2.8645298,0.26622464
0.27837602,0.80372792
0.53701847,0.45780993
-0.084757728,0.30819906
-0.34645032,0.27976372
0.30029322,0.94791143
2.2067976,0.50856375
-1.1199806,0.30692835
2.5868876,0.14418345
4.4441092,0.18567061
0.67183178,0.60361349
-1.0019849,0.9750944
-2.8602688,0.24435457
-0.16583027,0.53143383
0.15319116,0.13743723
-0.62575729,0.94323163
1.0774123,0.86987581
0.20386092,0.26695203
0.044031537,0.55587796
-1.8964228,0.99985251
1.571378,0.73710748
-2.5149123,0.071486629
-0.7779987,0.51733741
1.5672652,0.28071758
0.95709789,0.66843181
1.0291839,0.69594292
0.973987,0.62525895
0.79506297,0.3848633
-0.69289609,0.8193647
-0.25562284,0.25907362
1.0358402,0.7475246
0.51865555,0.62051267
3.2063253,0.09414413
2.5057019,0.4938778
2.9771787,0.18839104
-1.0063514,0.83399372
0.7106628,0.64042011
1.6317222,0.52232018
2.4707226,0.22858971
-0.33808778,0.52479075
-0.86139544,0.56367117
-0.37328474,0.98649558
-0.36005565,0.79921597
0.48686354,0.19985342
1.5446736,0.25197241
1.8739633,0.6143639
3.1402301,0.30503233
-0.71116047,0.17028865
0.62935738,0.95174017
-0.60438487,0.54818019
-1.1040215,0.86281072
1.016117,0.24356032
1.9817441,0.48507819
2.636047,0.013745203
0.83013532,0.47033885
-0.97465324,0.014321811
0.99075373,0.24935037
2.3482105,0.15860118
-0.23875097,0.87171564
0.15481167,0.7070063
-0.98411371,0.88960508
2.7919886,0.13729797
2.1871627,0.13456063
0.83261153,0.77329992
3.9450554,0.28447607
-0.47514988,0.77185441
5.2171724,0.2047626
1.1776361,0.69762275
0.67850825,0.73618488
1.4436533,0.36554015
-2.2352617,0.95439208
0.12184924,0.71374252
-0.0029015261,0.50526983
-0.41335332,0.49810261
2.0684283,0.48840309
2.4914564,0.38564626
0.12372565,0.080666643
-0.055888009,0.88056442
-1.629764,0.7257488
-0.39549953,0.25579465
0.99039696,0.82576553
-0.23696992,0.59771604
1.077447,0.52053636
0.61505537,0.013884234
-1.1587537,0.89106987
2.9730403,0.31642877
-1.4727689,0.83884571
-0.25502262,0.88924246
-0.12078124,0.53408153
-0.86631663,0.28791308
-0.10972773,0.75683753
0.88563342,0.21998048
1.2893443,0.23703758
5.1249603,0.22204717
1.2702351,0.29577517
0.65108275,0.40202882
1.6748782,0.26312379
-1.5032604,0.36190092
2.6745562,0.35958573
1.7739272,0.67118085
0.59779653,0.54178946
4.0710723,0.33658014
0.74938076,0.29058511
1.5793345,0.421269
1.6818886,0.023789
-0.51581749,0.62051611
-0.38647109,0.80899222
4.6908582,0.011598901
1.2050969,0.89657496
1.0132918,0.67732543
1.8115457,0.35185715
1.0439789,0.26676623
3.5382384,0.30066769
1.2018233,0.11636523
-1.8633258,0.077028513
-4.2381989,0.12198147
2.7722841,0.43762647
0.069991946,0.44010863
12.372222,0.047784732
2.8760754,0.11702736
-0.14026339,0.21024735
0.88028822,0.21046552
3.2134674,0.3637545
-0.0061451535,0.69197432
0.02963928,0.7856124
0.34465194,0.71217375
-0.87987995,0.25375122
1.1522381,0.48777849
0.66408554,0.7216156
1.2284554,0.44138548
2.4438321,0.39614657
-5.2494915,0.10488777
-0.098810618,0.54759031
-1.330596,0.99757393
-1.5178353,0.98240807
-2.2201327,0.022980552
1.2084546,0.93966325
0.94277264,0.20688548
1.7193794,0.28942575
0.28779577,0.63496231
0.040038455,0.88146007
-0.8075344,0.55506198
0.63239439,0.7762529
-1.2721736,0.598345
-0.15239041,0.45078748
-1.7770263,0.25805845
2.3696071,0.97088582
-0.49695377,0.95713425
2.1492338,0.12291694
0.48607177,0.54848105
1.3574183,0.66270768
1.163239,0.73734939
-0.11100062,0.73109492
-5.318467,0.0059704301
0.83653342,0.16622143
-0.62602626,0.9693013
-1.6514926,0.47490472
-4.4978351,0.0096552684
-0.22282086,0.67169679
-0.73918072,0.33975301
-0.33720738,0.61710482
0.47433835,0.64080126
-1.6855753,0.94835625
0.84647516,0.92708822
1.0550239,0.75956887
-0.2483262,0.61378032
-0.20381455,0.9157252
-1.07948,0.72261252
0.33673976,0.83895215
-3.6519339,0.063485146
0.38936029,0.84877106
0.92796146,0.89111248
-1.2142561,0.23270965
-2.8239783,0.2673141
-0.71613184,0.23245655
0.11268152,0.97379756
0.059648181,0.61609071
-0.13187511,0.62985134
1.2245393,0.53133191
1.5154973,0.48674981
-1.2146372,0.46073521
1.0177812,0.50836734
0.29917125,0.38979131
1.5692166,0.61800639
-0.67468993,0.3154963
-0.16621104,0.70726471
-4.9035593,0.028618219
-0.43271205,0.97639989
1.6004824,0.26011474
0.90336065,0.71959425
0.97996399,0.85344489
1.3557036,0.5952815
0.26398937,0.17236978
6.8681359,0.043766423
1.3552889,0.54075091
-0.70490401,0.64425194
-0.3655095,0.69933159
-2.4352967,0.15358308
4.100257,0.11702577
-0.96010698,0.55202525
0.27810477,0.07334027
-1.617709,0.94971452
0.87338861,0.79672054
-0.2922107,0.49355037
-2.6404316,0.16333641
-0.91433901,0.77074682
1.2011346,0.5946136
-0.48848321,0.4445155
1.8963853,0.40216822
0.47058904,0.29192457
1.1910229,0.97821542
-0.77211456,0.25636037
0.53021435,0.48050023
-0.25026253,0.88971379
5.5555307,0.075837382
1.9016541,0.4549212
-0.45465779,0.94794855
0.69826944,0.30031028
2.5717912,0.20594973
-0.73676474,0.71583357
3.7846273,0.11206766
0.56834512,0.65021823
-0.16714204,0.74345353
-1.7797397,0.21981805
-0.59697674,0.87581379
1.0034135,0.18702414
1.133133,0.58849167
2.6543563,0.34097365
1.6517627,0.40410991
3.5805328,0.28849102
-0.047489314,0.75342403
0.75346851,0.37120411
1.4197499,0.76013718
1.0167342,0.57809801
0.25762593,0.83359156
2.7983375,0.23390196
0.5875719,0.90197804
-0.0043910873,0.2251502
-0.19684847,0.37749457
-1.1029439,0.39001544
0.59595997,0.68023582
0.47567251,0.75758381
0.21187854,0.42200997
3.1664747,0.38962316
0.42225258,0.72725596
0.2448219,0.96559167
0.38018826,0.70827265
0.90669681,0.77214169
1.5828475,0.37857376
-0.79430813,0.72419405
-0.035633527,0.34384586
-1.6152193,0.26829082
1.1535587,0.017213666
-1.5206817,0.81287976
-0.4822356,0.92680571
0.038418259,0.50694177
-0.20968858,0.48146518
-7.8801911,0.060442565
0.74086814,0.39736468
0.64407177,0.67997308
0.36625167,0.42676028
2.2596016,0.39313792
-0.93538615,0.13265925
0.256194,0.86825944
0.24751998,0.78227745
0.98805016,0.61428504
-1.3007662,0.050326517
1.639822,0.98191824
1.0482788,0.69289723
2.2066742,0.99343927
0.015141911,0.73649497
1.6332643,0.51793896
1.7242169,0.58713432
-1.563162,0.99325972
-1.1048327,0.86381421
0.17753735,0.58832041
5.0576742,0.26167133
0.61833385,0.71219728
-0.56195893,0.41514888
2.5144981,0.9218407
-1.0951688,0.12311899
-1.8969359,0.87112794
0.40842826,0.47856149
-0.21444526,0.79258512
-1.3340349,0.97762796
-0.43714633,0.42205638
0.25218897,0.62920944
-0.11079533,0.078356752
3.9896463,0.0089772583
3.7481313,0.10701487
-0.64546897,0.16378106
1.5703088,0.90209495
1.4728453,0.83576414
2.1874944,0.54528257
-0.02099261,0.70309567
-0.051398457,0.55942659
0.067892953,0.78832066
-0.020887673,0.67705002
-1.0308398,0.92849278
0.64124392,0.68547517
0.21429015,0.79598168
0.90503644,0.64165406
0.38440446,0.46763529
0.32570295,0.86405268
1.8588981,0.52532956
1.5477231,0.41850796
4.0083042,0.19535176
2.352767,0.13235934
-0.8401781,0.6600403
-0.5705522,0.80885191
4.0860861,0.46514282
0.78087639,0.084316082
-0.034512203,0.46295631
0.013969872,0.58644887
6.5011985,0.036976489
1.8072841,0.52565493
-0.78045841,0.011010744
-1.0231065,0.89535061
1.9899927,0.71699773
-1.2067403,0.88389211
0.76868995,0.74362835
2.041964,0.22285922
1.910183,0.97477694
0.79267755,0.82630899
2.7740227,0.21522794
0.88529712,0.52580875
2.440879,0.053722565
-0.53309487,0.78906592
5.1532156,0.19245136
3.3189945,0.33829237
-1.4411396,0.34028274
1.9856025,0.37057374
0.8316709,0.48674409
-0.15886975,0.93895963
3.6232535,0.0075610497
-0.54592131,0.7922482
4.3782581,0.16291234
-0.26692592,0.9060092
-1.4513786,0.19897126
-0.0078941109,0.87977217
-8.6194926,0.014281793
0.58110836,0.63800185
-1.9878875,0.26755623
-1.4410268,0.26799069
-0.30727526,0.44508279
0.047018945,0.66861874
-1.5235973,0.83659575
0.93060293,0.78256374
0.91565504,0.1506872
0.94921852,0.85349001
0.72922767,0.69712859
-1.7250623,0.20150193
5.7145896,0.23632179
0.36715137,0.75721877
0.72215473,0.80801347
-0.112671,0.84970993
-0.28333096,0.66488312
-2.6876973,0.81872527
0.048924015,0.91415418
0.32920231,0.72966278
4.7682674,0.17447914
1.3923155,0.12303649
1.1195186,0.54851378
2.6503044,0.14133991
3.0046618,0.056322147
-1.4865645,0.85764599
0.19989731,0.43354276
0.65779909,0.99454211
0.16275724,0.4335985
1.309672,0.7815691
0.69070505,0.54764634
2.0577292,0.26671615
0.0312805,0.93193977
2.0575552,0.28521839
3.8210937,0.37231587
2.1183307,0.30941238
-0.76466696,0.8821205
-0.28430013,0.86922446
1.6719916,0.085549163
-0.53241621,0.95650003
-0.023353075,0.44560754
2.3097424,0.12032711
1.3917251,0.71718502
0.48171777,0.63726533
0.32883434,0.30358587
-0.81055729,0.51246169
0.7823814,0.53177676
0.018506222,0.9475175
-0.39034991,0.80008614
0.64228919,0.6111659
0.4559828,0.15462979
-0.22213424,0.38182751
1.9710372,0.67983856
0.69535708,0.5094318
-1.1175777,0.20662828
3.2232679,0.18002468
-0.27959273,0.81147855
1.3045742,0.57312821
0.48877979,0.46347592
-0.088262601,0.49107601
1.1269412,0.53672885
0.22860037,0.82411833
-2.0290978,0.80497564
1.7097929,0.30747348
0.9925458,0.53618318
0.25303256,0.53919781
0.13518594,0.4699735
-1.0254708,0.873254
0.37545287,0.35231652
-0.022261637,0.89297796
1.698299,0.3825916
1.0447897,0.51877726
-1.776362,0.96034694
-0.38140557,0.72283945
2.3837509,0.56537504
0.58904097,0.1253864
2.2522877,0.027573937
1.4841585,0.74408115
0.0072752189,0.90497796
1.6281672,0.67307641
-0.13688429,0.75181842
0.011568225,0.79338944
-1.3517288,0.78601363
2.5188283,0.57429548
0.4888234,0.41958919
1.6188304,0.92875272
1.650154,0.35869363
0.029119724,0.747004
8.4282902,0.074600999
2.0711198,0.4639463
-2.3150997,0.45588104
0.58743462,0.63011652
-1.6116097,0.93726921
-0.4727335,0.26571255
2.6775601,0.42518277
-1.9294087,0.59445141
-0.38940391,0.46580595
0.18582442,0.89176141
3.5606386,0.39170587
-0.49093394,0.4523134
0.35472689,0.19954291
1.0161015,0.39771615
-1.2500378,0.71710295
-3.834916,0.018833925
0.73614049,0.7751056
-0.10503286,0.89112956
-0.60362007,0.67053165
-1.7450317,0.92819424
-0.10379511,0.7560643
3.9167371,0.1606953
-1.617545,0.57715319
-0.32568767,0.1578564
-0.82991346,0.16668643
-2.1317617,0.95877967
2.2124424,0.95979497
0.54876237,0.96392703
-0.55237297,0.8704156
1.6219664,0.76539866
-0.39498562,0.4394022
1.3267449,0.18077887
5.6221396,0.18370218
4.5582228,0.11176532
-0.444702,0.40990364
8.9539922,0.088055229
3.7438008,0.3658104
-0.0085028664,0.79153243
-1.9471039,0.75311639
3.4323285,0.29818215
-0.65606648,0.87522705
-0.26422403,0.53785547
-1.2037384,0.10931475
4.0479647,0.36751343
1.8354014,0.53329674
-1.8537917,0.99440095
0.042575367,0.46908809
4.8489018,0.08423349
-0.62682757,0.98570873
-0.039557243,0.058424996
-2.5136011,0.10211286
1.4082984,0.63614296
1.7798044,0.10246027
1.3395621,0.92404731
-2.6791203,0.088463601
-4.6604594,0.1114522
0.10883527,0.20692159
1.011568,0.40384538
1.2780453,0.96808807
0.37041025,0.035707507
-2.9716766,0.27462737
1.3922999,0.35689403
0.099078732,0.27407138
-0.40815832,0.89797525
-1.7950883,0.4924198
-1.5865785,0.3013753
-0.24922407,0.96531421
-1.9878333,0.86940874
-1.095752,0.81856824
1.2353755,0.53988362
-4.0187551,0.02425012
1.5331074,0.16732293
4.2084584,0.4344904
-0.38898665,0.37555128
0.6274134,0.73522689
0.37883862,0.76790195
1.2971356,0.22870009
-0.57606157,0.24711925
1.9785404,0.4091769
2.6641331,0.42066443
-0.88344739,0.70360651
-0.20197762,0.86107829
2.4527273,0.57020167
3.7959492,0.16781166
0.9286892,0.94579019
-0.064918955,0.64900535
-1.2448977,0.86969531
1.4472201,0.82158352
-0.63907709,0.55038037
-4.4345715,0.12822037
-1.145363,0.24363219
-0.62076258,0.10274727
0.61282724,0.64015906
2.4539475,0.99388825
2.9257097,0.078643551
1.2670477,0.39334413
1.2541286,0.37001654
1.8984847,0.020691288
0.78156937,0.40250827
0.92187907,0.30681865
0.77743446,0.55738356
-3.6717746,0.1021968
2.8629386,0.36468259
0.66107409,0.52865598
0.32452831,0.32926497
-4.2417807,0.0060451399
0.66160117,0.52249404
1.1009891,0.6306518
0.01607192,0.92650001
1.1136915,0.67308299
-0.68523388,0.69862428
-0.69092436,0.81194024
-0.79928468,0.05587414
4.6330774,0.13856697
0.79009565,0.4255061
-0.22019136,0.76990444
3.1676138,0.43070736
-0.89585763,0.40356258
1.2770445,0.24225945
5.0731711,0.1540951
-0.98352751,0.39054421
-0.88412725,0.83466342
1.7502815,0.35979157
1.9153531,0.30628167
0.47431128,0.74057024
-0.17351172,0.92015573
0.27062274,0.4596861
2.5458338,0.23976147
0.074488191,0.20138011
0.36142592,0.46075331
0.65769887,0.64250632
2.3112128,0.061051575
-3.0478378,0.10972217
1.684522,0.52302762
0.39617514,0.79113744
2.179057,0.28708852
-5.1326945,0.26084468
-0.25075327,0.73365833
-0.51340267,0.86479297
-0.30938928,0.76106084
-0.50417654,0.033068597
0.68560556,0.74262907
1.7492369,0.88931009
4.1353501,0.11999937
1.0138797,0.18521182
1.2976353,0.93349359
0.96578444,0.65935915
2.6675808,0.017250406
-0.12509513,0.96749011
-0.38081819,0.70883717
-0.0048612283,0.41819217
0.45592596,0.55295667
-1.3744012,0.43651954
-1.523525,0.92905832
1.6265144,0.030555492
0.059770169,0.61567106
6.1542716,0.11504549
0.3343912,0.33259589
1.6763271,0.4143914
-4.2948724,0.088228264
3.5324779,0.38702319
-2.6858173,0.015726415
2.5651067,0.24695387
1.3629538,0.1209991
-1.425405,0.26867489
3.2744507,0.30005676
4.3839186,0.2109633
0.22721867,0.92565279
0.16043958,0.4461485
0.87682977,0.56583714
-1.3728358,0.29642544
-0.72802445,0.79255192
1.8790982,0.7204029
-1.1087518,0.87921941
0.81703179,0.92373923
3.2576459,0.28490531
-1.0601278,0.24994473
0.91436111,0.49158569
-1.7798066,0.90371882
-1.6602959,0.81280365
3.0632299,0.23204176
0.46302287,0.53907227
-0.73963107,0.50015458
0.21567153,0.040262944
0.77492637,0.91303782
2.8888841,0.52041386
2.1539395,0.1105382
-0.39206777,0.82840079
9.0566728,0.068394374
3.2813396,0.38123314
-0.7026971,0.33057685
0.9004443,0.66787048
0.55288963,0.34308349
0.9560184,0.28290064
3.1845884,0.41812143
-0.059877672,0.80367784
-0.92012982,0.092957539
0.89688913,0.38408987
-0.17700191,0.4221338
0.6507627,0.505506
0.15165241,0.61772036
-0.61368559,0.21315286
0.45719458,0.4923182
0.39744954,0.18667289
-0.14543601,0.926125
-0.44272819,0.45944092
2.0522272,0.13504158
3.5404124,0.32484654
0.98574073,0.42402309
-1.1873006,0.2616958
1.7777276,0.43116814
0.48000545,0.38764328
-4.661043,0.16589062
2.1157031,0.32163605
1.439437,0.48143283
2.9766634,0.21623365
1.8979318,0.5604555
1.2286916,0.42086383
0.82567097,0.59497895
0.058691229,0.57008122
0.10012136,0.67105146
-5.5715572,0.16921689
-2.2386508,0.98668482
-0.13550287,0.78593909
3.0525471,0.5013237
-0.77425698,0.062691016
2.8566741,0.9989045
-0.1754092,0.75422939
-1.3285053,0.90691095
0.57918042,0.17905762
-1.2457544,0.11324758
0.71463061,0.66593039
5.6950862,0.023729204
1.5033273,0.089301772
-3.2085334,0.26802301
-0.927625,0.2330966
1.2390335,0.35348197
-0.77673816,0.81300552
-0.46372972,0.24697202
0.91602484,0.33613653
-0.016730917,0.89702207
0.68854055,0.89580146
0.59495276,0.1549151
2.1510539,0.30097339
2.8191346,0.97619002
-1.0218728,0.93702168
4.2849464,0.24593804
2.1997909,0.25921353
1.5377476,0.634754
-0.49072918,0.14566701
-1.0587953,0.619742
-2.3126792,0.29444768
-0.80329155,0.75907632
-1.278658,0.75282157
2.0487506,0.5517827
2.8796584,0.32781008
-2.7194729,0.30913151
1.766526,0.35863759
0.11367868,0.4728236
-0.14992232,0.94592035
-0.30067539,0.30050093
1.660024,0.54201567
-2.1848754,0.86352827
1.8060901,0.62433318
3.2442194,0.42796899
-6.2312436,0.31110518
0.6336593,0.57971662
5.9218423,0.049620904
0.78535417,0.47134587
-2.0212756,0.22275012
1.0903334,0.37391043
-1.3724934,0.49321376
-1.0378184,0.87414188
3.9517229,0.24900521
1.8833033,0.62879272
1.3223626,0.4401231
3.9292543,0.13571829
-1.1280102,0.71884732
-0.49292762,0.56820636
-0.43165516,0.92567229
0.43038202,0.90753979
1.687164,0.91320721
1.2670473,0.46131662
-2.5947052,0.28336054
-1.886194,0.93415353
5.1284716,0.14144657
-0.5066707,0.58556286
-1.3012042,0.25698442
2.0062288,0.22951962
3.1961767,0.3774054
-0.30876105,0.96402424
-0.94909464,0.68014232
-0.8093903,0.1293183
-0.42457009,0.78314468
4.7711312,0.14282449
-2.3612934,0.1762466
1.4105849,0.10985865
-0.27552472,0.69850936
1.6038843,0.52420081
1.5879464,0.58216865
1.6234213,0.51421378
-1.9870055,0.92463663
-1.5613849,0.020861695
1.3739288,0.048641709
0.77847275,0.57620771
0.45515849,0.37953459
4.3973552,0.047258999
-2.6373427,0.02054649
-0.72485828,0.38287873
2.4507508,0.45385613
-1.0605996,0.11339891
0.47166036,0.55020467
1.2486347,0.66604431
1.3138937,0.6449932
1.2518261,0.53681706
0.14506958,0.64680514
0.95488338,0.56359265
-1.571801,0.29761632
3.6079795,0.038342698
1.5825162,0.61508809
-0.59175183,0.74112572
1.7298747,0.52878449
3.7545995,0.23727691
1.2568704,0.58641191
-1.2941073,0.51457889
-0.099037555,0.66575033
0.28994082,0.31160989
-0.76489893,0.69532787
-0.77298031,0.86444213
0.14454281,0.7745856
2.9861856,0.33890231
-1.2246342,0.6047877
-0.43034463,0.48220776
0.56672456,0.10775197
2.1617725,0.083455699
2.5043883,0.33310885
-0.044207137,0.23966976
0.56689197,0.54874214
2.7170274,0.24539694
0.33222199,0.58582267
0.62126654,0.72169967
3.0989989,0.38191628
0.19630679,0.43730182
-2.2513325,0.045530393
-0.20485334,0.713124
-1.6919292,0.96565877
0.097560971,0.40398257
1.044746,0.32289184
-0.75899624,0.78032826
5.4170639,0.13698023
-1.5300989,0.25106459
0.2770321,0.52187207
0.58041949,0.33821252
-0.83847935,0.42568989
0.49381885,0.69797713
2.0607867,0.62237071
0.95576693,0.84312352
0.026217242,0.40626328
-0.10277848,0.6209831
0.30793878,0.13335923
-4.2363329,0.0023883868
-0.69627756,0.76553021
2.5003489,0.4018729
0.21388754,0.71965089
-1.9963856,0.14107489
-0.93283099,0.91430805
0.9022452,0.84794732
0.31880013,0.75542865
5.0260692,0.11660323
0.22107408,0.2211054
0.21082458,0.69891457
2.742298,0.0076557491
1.370442,0.42183443
-0.53528111,0.19602094
-0.48783578,0.98632623
0.20523413,0.90249418
-0.49744349,0.36726031
1.9944849,0.20296272
-0.12722891,0.76117742
2.7976442,0.077855993
-0.53876433,0.48291993
1.6282518,0.52831271
-0.43828443,0.95529592
-0.74753947,0.17521232
1.8192877,0.5306677
-0.80921446,0.88416164
-1.9753163,0.39214541
-6.8938349,0.073785333
-0.20061153,0.767418
0.51502115,0.67423918
-1.3584989,0.21266775
-12.747716,0.020247887
0.20764096,0.34999136
1.5917638,0.60066445
0.08635645,0.23178932
1.5030917,0.35705609
-8.8166385,0.022187233
0.097536225,0.43964179
0.085286102,0.99121645
1.428523,0.80253961
4.4122877,0.4747083
-1.658304,0.064226904
1.3806562,0.52414488
-0.20914926,0.48587482
6.8502631,0.018561335
-1.6817776,0.042288257
-2.2464433,0.097508271
3.1811552,0.19006577
1.17672,0.46255968
1.2827008,0.38778884
1.5095383,0.44739086
1.8254835,0.50605794
5.0593854,0.33555222
1.051298,0.29351319
-1.1712158,0.27322907
0.25182312,0.85110984
-0.79331359,0.84400396
-0.72023349,0.92336479
-4.681152,0.0064272501
-0.16803974,0.55454738
-2.3430363,0.20555315
0.39735059,0.59235871
-1.9572057,0.11901247
1.051869,0.46402608
-1.4724425,0.24916999
-0.81592083,0.91243463
3.5131383,0.48795334
-1.6262558,0.77542613
0.80947439,0.42254186
0.6873685,0.7322151
0.53119202,0.58076797
5.0083996,0.039505181
2.420222,0.59731017
0.0019790508,0.9488342
1.8606907,0.47804588
-0.3195729,0.54843398
2.0175673,0.3127837
1.4901099,0.51996141
1.4051037,0.99850908
1.1379819,0.55533988
3.5385303,0.34875356
3.974315,0.2541459
0.33329374,0.44223715
-2.1587504,0.029983047
-0.21857231,0.76803471
0.69803375,0.20760606
1.8942214,0.71768142
-1.1163373,0.90369059
0.95059584,0.81935899
1.4220395,0.76558936
0.3525031,0.86809316
-0.16092329,0.0066734385
-2.5726598,0.3412448
-0.83706427,0.73642753
-0.94465191,0.26299089
-6.1869972,0.15085104
-0.59847909,0.55746823
1.0025699,0.03641203
-1.1724404,0.97029172
-0.57117059,0.061308883
-0.38991632,0.40476085
1.1189318,0.7936149
-0.9091284,0.074731754
6.9968007,0.10951385
0.089394993,0.78335904
0.47762347,0.94877982
-1.4087126,0.95820058
0.69745147,0.051412346
0.90500797,0.37102984
0.176308,0.68140855
0.46530021,0.80761478
6.2860571,0.22353624
0.35535617,0.89119839
0.98266733,0.23916771
-1.525126,0.86595555
-2.3854383,0.90024165
-0.55536433,0.97580196
0.47784569,0.99874076
3.7100819,0.19209536
-0.1540821,0.76520556
0.47531626,0.013495502
-1.0275922,0.83625041
0.26224997,0.94503865
1.4094517,0.70030512
1.0076155,0.62383377
4.3619802,0.13537629
0.15649953,0.45820165
-0.81567326,0.34500498
0.4969982,0.64805502
4.2304309,0.011292941
0.08871656,0.61935621
0.95746159,0.12937719
-0.9719149,0.79709127
1.2235188,0.57855309
-0.64464266,0.32186269
-2.4103915,0.7338791
1.2043164,0.34743011
1.5336428,0.3410413
-4.7145779,0.0028169856
1.9660348,0.17901401
-0.76137772,0.52545308
-3.1279191,0.032122856
1.4890597,0.53373651
3.1228641,0.99799957
1.1221748,0.47087562
0.15751401,0.48311305
-0.34358023,0.97941032
4.0831691,0.19556912
0.81938449,0.91991356
-0.50765607,0.34819168
-1.2671177,0.99053827
0.33564522,0.94603071
-0.76629428,0.99880118
0.47996088,0.76388796
0.45707994,0.84578423
5.2546458,0.23370904
1.0955123,0.76828587
0.70226353,0.27126067
1.8952689,0.40886839
-0.13309196,0.88889513
0.98592041,0.4097243
1.1024118,0.57889865
0.26117468,0.51632357
1.9131251,0.7224289
2.2067267,0.19340518
1.0235228,0.9948666
0.11685172,0.56154067
-0.48333247,0.7120394
1.368925,0.61972357
-0.15569609,0.60572118
3.3023314,0.29072811
0.56681497,0.44356807
2.9923813,0.37383175
0.60036591,0.53072248
4.3894493,0.076410402
-0.86336457,0.26019961
-2.6825373,0.9843917
-0.017241238,0.8293657
2.4859618,0.18409071
-0.16059953,0.82282579
1.900908,0.32705406
-0.90099062,0.89035825
0.25485577,0.79770253
4.728827,0.034667023
1.1575356,0.36328871
1.1992395,0.38016706
-0.3489711,0.8194754
-0.94337828,0.53327677
0.41743062,0.75519193
-2.2380326,0.079261335
0.98137018,0.70983972
2.1226495,0.20305373
1.3995297,0.24689503
-0.42108066,0.18417545
-1.6775255,0.88299555
-0.64655863,0.41138686
1.0225214,0.95319966
1.2736442,0.90351733
-2.9005187,0.42377056
0.11204676,0.92155823
-0.33821667,0.94606461
2.0450435,0.42604701
-3.8998965,0.14139196
-0.13315726,0.68552863
-0.19680606,0.77956916
-1.7294849,0.5889506
0.26153771,0.22579759
0.29712061,0.96973107
-1.9558139,0.84397806
0.5638435,0.82443447
0.6563083,0.022110981
1.0737424,0.51699701
1.1518064,0.68953304
-0.41483309,0.21276487
0.71469033,0.68890552
1.3839156,0.69774048
-0.8785255,0.71059581
0.84662403,0.71987775
-0.60753118,0.75588268
0.85863054,0.85352494
-0.21345167,0.83076776
-0.12608069,0.94768394
-0.6432784,0.8465893
1.9579992,0.28613799
1.545233,0.079611144
-3.4687021,0.97519463
0.10468541,0.081798927
-0.45166872,0.59529894
3.9153928,0.20159678
0.79371059,0.11859221
-0.13090308,0.92918225
-0.17646969,0.31812406
0.69741497,0.68790343
0.45433606,0.68837132
1.6621277,0.51489154
0.12947049,0.073474796
-2.4439166,0.87169363
0.093798053,0.071675359
0.96927306,0.66268421
-0.1855935,0.66431369
-0.99489777,0.97749117
0.53415149,0.71795313
0.031647039,0.17621039
-0.016748241,0.84119315
4.0343753,0.26528506
0.44247512,0.85606097
-1.8557062,0.13008963
1.3750815,0.68000206
1.8804729,0.65998515
4.3209418,0.020935071
9.4552228,0.18540157
-0.04217359,0.77709513
0.80946131,0.5068542
0.59536873,0.71795915
2.729982,0.19521574
0.43697826,0.71493015
-0.6950479,0.34354159
-0.43971696,0.80315248
1.9327307,0.61578544
1.7248277,0.50133798
0.53490543,0.82934361
0.46498548,0.40730314
-0.28200878,0.48903062
-2.8187564,0.93555037
3.0024423,0.22231522
0.050411424,0.48217166
0.61309442,0.011934857
-2.5476781,0.10411067
1.5650181,0.04485848
3.0427166,0.29688994
-1.6652987,0.95848138
-0.72795396,0.45979219
-0.72696765,0.82841245
-1.2127385,0.46268048
3.4287695,0.4697532
4.0966574,0.18664955
2.3449214,0.077869709
0.14657094,0.31402096
2.0185311,0.97782224
0.21908273,0.80432773
-0.28068805,0.84634445
0.65168376,0.72437905
-0.83767139,0.27905257
3.7716269,0.21475395
1.3283769,0.56091705
2.2553721,0.68464264
-1.5685686,0.022442684
0.81332847,0.64433743
0.39868804,0.98998032
1.8280346,0.22237028
0.078280351,0.12863186
4.0578903,0.18480182
1.2035916,0.49281222
1.216516,0.48998703
0.17686222,0.90519557
-1.073359,0.88577565
-0.58608361,0.94200019
8.9493028,0.10005055
0.58518409,0.87385492
0.16340208,0.60226534
0.12697562,0.95934203
-1.4093012,0.035712494
1.476684,0.57522525
4.8433226,0.050136297
0.00086099077,0.35584835
2.1023573,0.71450031
0.70778929,0.86672867
0.29422733,0.77272656
0.18449075,0.91647154
-1.0392488,0.03354425
0.84015713,0.47929574
-0.23914495,0.97171847
-0.24269091,0.92018638
-0.25799867,0.47437474
0.089565546,0.8484812
0.68645007,0.40539301
5.8548387,0.036047136
1.9322507,0.59541506
0.20055247,0.48561876
0.37141713,0.80739205
1.1201661,0.48584626
-0.3738305,0.49029433
2.3000443,0.40463994
0.087653835,0.52911334
0.10119171,0.61399967
4.620117,0.040105816
-0.31980787,0.37018196
2.9930654,0.35886335
4.5405498,0.25528352
-7.9788172,0.037735538
-1.8331235,0.98260974
1.5559062,0.72089293
-0.76810045,0.54104761
1.8056752,0.51238619
-0.077134,0.86557695
1.2361739,0.70744074
0.84074479,0.034530329
1.0235877,0.8324214
1.9505467,0.47175105
-0.10811262,0.64690954
2.7457605,0.33590014
1.7612514,0.41465525
3.3236486,0.2723275
4.5049405,0.16130026
0.77301925,0.54764866
-1.9867369,0.11821217
2.2948875,0.34595796
-2.0085112,0.9160289
1.262533,0.24096028
1.1683569,0.65108208
0.90603713,0.63271761
0.95777348,0.51525124
-1.3026946,0.81368338
-0.3145247,0.56749591
4.350994,0.36873643
-0.39012063,0.24582037
0.89050835,0.38052805
0.44509995,0.6842464
-0.30948264,0.46711968
0.092797256,0.62300197
0.61037009,0.58611541
-0.700556,0.99407917
0.1055313,0.86078233
1.1130661,0.94107253
-0.71729756,0.98150353
2.3117816,0.4042792
-1.5165913,0.072822605
-1.0694,0.28192525
-1.0103745,0.85481482
-2.3813836,0.87857755
1.9038739,0.5300596
-0.43619695,0.68480883
2.0643263,0.65659006
-1.7966454,0.81050339
2.159536,0.3853599
0.34254049,0.43032407
2.9589238,0.41049397
0.53976514,0.70630638
0.0065154255,0.86437837
1.3377855,0.64180323
0.93021432,0.74999731
2.2711427,0.50557436
2.4330015,0.40233786
0.29434219,0.65719724
1.6561697,0.47166061
1.0314756,0.11767132
-5.312478,0.086473101
0.1477176,0.87459576
-0.036412541,0.74564441
-2.4443592,0.0021206853
0.92013305,0.16976362
5.0545327,0.024504972
0.60355374,0.37407106
-1.2948908,0.87105897
0.86179028,0.67158068
1.1323018,0.072008232
0.43989893,0.73786312
0.2930106,0.84188468
0.67714312,0.33087335
2.588241,0.20193454
0.37992156,0.32268328
0.24413508,0.61822754
2.0431,0.42751857
0.96229967,0.59015979
0.52771404,0.96460089
-0.15475656,0.52736306
-0.56383995,0.23746034
1.1369551,0.91416589
1.0550077,0.20611001
2.0597855,0.49219741
2.2354078,0.13726292
0.38910409,0.80598259
3.1087812,0.40312403
1.7750894,0.26594758
-0.26003361,0.62370314
1.1612421,0.70063726
2.9916585,0.4735719
0.90723376,0.50764184
1.984536,0.7640267
-0.80138889,0.78323738
0.67190933,0.42822084
1.0487991,0.5265656
-1.2461487,0.84249366
-2.1478835,0.98781084
4.1715482,0.074350663
-0.87414731,0.77377749
-0.018021819,0.21883782
1.4843556,0.25102915
0.5891203,0.53290469
2.4610904,0.40882079
0.19476554,0.66426532
1.5349525,0.47393834
-0.09237897,0.45974214
0.53321439,0.51975516
1.0292112,0.69061724
-0.62284777,0.89482277
-6.157111,0.11161718
0.063413926,0.8246337
1.2415733,0.6383212
-0.1159684,0.82632668
-0.053813592,0.64750947
1.8045861,0.93255031
0.57695633,0.53875714
-0.37865886,0.95995859
2.4798826,0.30593128
2.0320624,0.49238238
2.660973,0.016662084
0.21510538,0.69110354
1.4331523,0.3488362
0.13989333,0.80735376
-0.54810704,0.74819899
-3.9577454,0.16766806
-1.1570974,0.91275439
0.0096564473,0.74354306
1.8654965,0.24031467
3.6387812,0.015483049
-5.049146,0.15777941
-1.4912885,0.010462271
0.37374039,0.94701173
0.53695869,0.94358938
2.5128148,0.35503156
4.5770738,0.1418307
-2.0890301,0.98815965
-1.7093296,0.68253139
0.51681841,0.80322285
-0.83275696,0.7546692
-1.2753597,0.98646985
-0.095576964,0.95878312
-0.63658844,0.71494852
-1.3880866,0.9148397
-0.45812207,0.78825985
-0.24574854,0.45843242
1.9359792,0.46333005
-0.03533687,0.6871551
4.4746046,0.083631515
-0.49789884,0.98324783
0.36828184,0.82963486
-2.7642498,0.19818444
-1.6767626,0.19168833
1.2010273,0.25225329
0.92186356,0.14249744
0.26970715,0.78987837
1.5675979,0.52641674
-0.91348614,0.051935665
1.4993757,0.44936715
1.9937399,0.092139964
1.562048,0.50885655
-0.3045364,0.68821007
-3.1771325,0.1108075
-4.1344943,0.092465842
-4.0446797,0.94118545
-1.9776293,0.94326803
0.65927164,0.45827206
-0.22366273,0.53078258
0.97976812,0.10834247
-1.801377,0.99043341
1.160867,0.40598186
2.2725231,0.19760345
0.13340812,0.12281566
-1.8497724,0.9701512
-0.40537924,0.15752946
1.2529814,0.96363049
4.1301137,0.27821868
-4.6727706,0.1802341
1.6694423,0.39783445
-0.46167323,0.61892684
1.8284641,0.42728157
-6.9402681,0.083491912
-0.41918866,0.6110756
0.33632647,0.84978442
-0.5847342,0.64988051
1.9247881,0.58586875
2.1315129,0.41522458
-1.6474251,0.93141196
0.28326051,0.72673168
0.87945589,0.28821304
-1.1606702,0.053806178
-2.2876146,0.96456824
3.2816869,0.18437418
1.1930241,0.66480539
2.0157835,0.43551013
-0.13212257,0.73426575
-1.5722815,0.92706696
-3.0234179,0.3717692
-0.34416266,0.3622795
1.3315352,0.51866958
-1.0638659,0.72122492
-3.477007,0.13848912
0.56624179,0.83650062
1.2490988,0.4263167
-0.5194044,0.04801893
0.93052233,0.94516234
0.48707734,0.58791959
3.9713447,0.08978048
3.176907,0.08976507
-0.30661171,0.43960768
-2.905285,0.21091035
0.31148903,0.79390555
-1.6093263,0.8657278
-0.1577717,0.79645744
0.15069008,0.55271932
0.31835377,0.36673799
-0.46279053,0.78296225
1.9611478,0.47185714
-1.8291366,0.24331156
-2.7212172,0.41127582
-1.0325299,0.11782059
-0.19013527,0.55679805
2.1792655,0.50744355
0.20580412,0.7061648
-0.2420331,0.19374743
1.7077774,0.68220748
-0.12861786,0.64958749
2.16662,0.85346452
3.4782313,0.27098929
0.31745871,0.67892198
0.13966366,0.85233221
-1.0453241,0.50160988
1.071923,0.41384311
2.4361196,0.44566825
0.0011543485,0.17888556
1.1610957,0.72169274
0.55563424,0.85106892
-0.33220841,0.72817692
-1.7108978,0.92030347
-0.40876093,0.36518908
1.9449,0.59509141
0.79835952,0.76255415
1.2122883,0.67807047
0.71623637,0.48125627
1.0789703,0.33561572
-0.7515685,0.98603601
0.45602507,0.82265685
-5.2187788,0.1217258
-2.2802402,0.87328219
2.8729373,0.26825069
-3.7659035,0.21867733
0.78273677,0.11191624
-0.25767932,0.60898522
2.1889585,0.36611353
3.507673,0.35727633
-0.024167486,0.61539155
-2.8845203,0.8544812
-0.046902062,0.55547982
2.9211773,0.28636478
0.81228014,0.57078971
-0.073714414,0.97991043
-0.75656802,0.64268049
-1.7422658,0.9793335
2.4178874,0.32884662
1.1619561,0.6638582
0.38973493,0.80906553
3.0063942,0.032868135
2.0199932,0.067740362
-0.44980227,0.76157988
-0.25519423,0.99168027
-0.26919961,0.83449067
-1.2936217,0.81488071
2.1664023,0.55701507
0.57371609,0.75319947
1.1227413,0.59045248
-3.2476253,0.15326906
1.8542669,0.41421583
-0.054601198,0.84424422
-0.79678899,0.85460399
0.33247261,0.94055353
6.9873971,0.093813956
-1.4185861,0.91120663
0.89774772,0.44886582
0.49763947,0.6189045
-3.0940098,0.25015234
5.6548901,0.052707337
-0.56916624,0.91592659
-0.89757466,0.94383541
-1.3829372,0.87470536
-0.6440152,0.17781088
1.3203312,0.89479219
2.3394453,0.21009385
0.43424284,0.7014134
2.8172317,0.36912382
3.3814743,0.059811698
-1.1444769,0.30274799
-0.16551612,0.83955631
1.1219594,0.70390068
-0.73218973,0.51380479
6.4040457,0.15159335
5.9606651,0.14979108
1.4271649,0.23628275
-0.12323,0.77591576
3.8296005,0.41700479
-2.8176139,0.12897845
2.6547783,0.093794637
0.95146406,0.75481909
-0.51003828,0.48535894
